Î»,Carnallite,Quartz,Biotite,Zircon,Rutile,Ammonium Illite,Almandine
0.5,0.56875253,0.7944497106830068,0.09594190475693756,0.33930704275482754,0.13274638460144603,0.7162002926327263,0.25785607
0.505,0.57167184,0.7972563624892249,0.09752884942174421,0.3435552088672887,0.13348452288057883,0.7268623158593586,0.25676447
0.51,0.5745330559324594,0.7973528198891988,0.09895185559663597,0.34675688626796264,0.13617688283137833,0.7375830982199322,0.2639091199024991
0.515,0.5773991957949158,0.8001081584799847,0.09913961838687388,0.35065789654596546,0.13749453347463475,0.7436975900886009,0.27257154268715383
0.52,0.5803035020431979,0.8006258252272522,0.10059007099721,0.3561366064638647,0.1393193902070021,0.7519317224372244,0.27772276817369135
0.525,0.5833552620695173,0.8018508600414004,0.10257984870398704,0.3614662459027091,0.14221949543290435,0.757368666389164,0.28306728748550053
0.53,0.5866546817696114,0.802622188397034,0.10342589039630404,0.3675025241515416,0.1438974708891589,0.7621234476771768,0.29152530210619476
0.535,0.590620553461827,0.8013954529452294,0.10424463841178412,0.3731955021424214,0.14648774912319124,0.7670050953681536,0.3026663895194242
0.54,0.5953208607891606,0.8029734503465931,0.10488627826563471,0.3794943909249816,0.14972161026299474,0.7706008578798424,0.31441809315354236
0.545,0.6010340743757437,0.8043300767330174,0.10744663382158821,0.38953154266872686,0.1519014189271393,0.7748519198082481,0.32476159222162226
0.55,0.6080741753204533,0.8047667964211143,0.10729732471079714,0.398485458184532,0.15602074531140314,0.7769956934615847,0.3322225074480746
0.555,0.6166483613203133,0.8047398548537484,0.10728032860228601,0.40866642153871546,0.15929498870038702,0.7815443992640926,0.3362607645135452
0.56,0.62679535,0.8060184634876022,0.11044236776186646,0.418481780722861,0.16315244502642545,0.7836894932895493,0.33739787
0.565,0.63854939,0.8068338342245422,0.11102154780522801,0.43075747443169426,0.16887838903964036,0.7872083780125801,0.33652699
0.57,0.6512573659395592,0.8080817564411467,0.11156514985404781,0.44349167944349155,0.17446022987889814,0.7922499585289278,0.3368323752447524
0.575,0.6646266865272652,0.8093806496810967,0.1125288870693707,0.45572182290222885,0.17998782514885142,0.7951077699689997,0.3422682798359982
0.58,0.6778063730271302,0.8098194632494488,0.11327212370805562,0.4659087414845222,0.1864142285075276,0.7989096000697511,0.35479757366143655
0.585,0.6909351297173141,0.8124773191611916,0.11512571633111328,0.47533327429124284,0.19352807664386643,0.802967537891279,0.37243033138923054
0.59,0.7021513587211639,0.8111474805747414,0.1142668275731864,0.48347661443308354,0.2019605753953191,0.8054097198542022,0.38831179442117875
0.595,0.7120760101289935,0.8131669551278512,0.1146797646782468,0.49627447844258427,0.209821073210032,0.8065880282510824,0.402045110137693
0.6,0.7219134226840926,0.8136013684624444,0.11546375165216666,0.5071623209075555,0.21839731134266666,0.8088297131371667,0.4153691618075277
0.605,0.7294183106878657,0.8158333746413995,0.11492753165034342,0.5148875353768506,0.22776550465652473,0.8112534752982868,0.42398175541372934
0.61,0.7360529181807637,0.8150873457768584,0.11535308743888945,0.5211263302203166,0.23772339244048335,0.8141674028784915,0.43158633607432145
0.615,0.7417138698313983,0.8159176019329758,0.11538013417076037,0.5259861127323409,0.24745134391857598,0.8158097420468495,0.43982745270402696
0.62,0.74638504,0.8167555235459636,0.1145189257516438,0.5321415466827921,0.25865852351033775,0.8191409498326833,0.44985038
0.625,0.75049484,0.8170334913584005,0.11620524178872105,0.54084136413214,0.26961907457583584,0.822968247619018,0.4630321
0.63,0.75402099,0.8175063616096666,0.11566247751333335,0.5467388095563332,0.2806659450623333,0.8250861676343333,0.47843862
0.635,0.7572644460778608,0.8171864679179792,0.11359541347748478,0.5521259246812469,0.29210026602061023,0.8254629201272012,0.49330800860688623
0.64,0.7602689355868117,0.8177887948980265,0.11387852348169777,0.5556892029533557,0.3021709775932361,0.8285387648903767,0.5068968743632873
0.645,0.7631583300810959,0.8193006305424053,0.11310808761297614,0.5571413356378564,0.313932525800358,0.8313046233115331,0.518101847839908
0.65,0.7658910309023639,0.8200778848629731,0.11279872330859965,0.5539025015078225,0.3249960161772427,0.8328088655643835,0.5264051853653854
0.655,0.7687174275299236,0.8209172068115181,0.11250747255117553,0.5369157567843181,0.3338883960268103,0.8350079683404334,0.5314684698761062
0.66,0.7716843330511476,0.8202951726535399,0.11193330798891983,0.5595997917444262,0.3434419350782261,0.8370198040309605,0.5338997116250187
0.665,0.7744753887875606,0.8207836425470256,0.11244453249932498,0.5744392261425617,0.35224099397443986,0.8386079937521376,0.534326200538773
0.67,0.7774104381110811,0.8213535772711346,0.11136380230585533,0.5858286657730587,0.36007154352108467,0.8386264556430155,0.5334973342738427
0.675,0.7803711241032412,0.8219891235757144,0.10985837403202041,0.5910804611892826,0.36794200646221964,0.8416142432774103,0.5321175526398265
0.68,0.7834519038452384,0.8219254630616074,0.11047760910795479,0.5935364190558541,0.3743805150786012,0.8429169191880892,0.5308859922382223
0.685,0.78653008,0.8232017471763282,0.11098362371576284,0.5963356258860412,0.37982716689803103,0.8450968788857112,0.53041148
0.69,0.78950572,0.8232448939147071,0.10881484758494948,0.5908224687326754,0.38528760420823854,0.8469432122290517,0.53083092
0.695,0.7926418257787579,0.8243171893974041,0.10880692383357442,0.6050880156010292,0.3930439445103032,0.8487668075181498,0.5332775736681367
0.7,0.7953954355463554,0.8244368338905963,0.10863336648981632,0.6110042924408813,0.39656544704836827,0.848325340940298,0.5360585585699856
0.705,0.7981785602891028,0.8255871790071352,0.1091148746469697,0.6141243977849167,0.40229164213303203,0.8495663771299069,0.5410465834690346
0.71,0.8006534690761462,0.8257433130135952,0.10856884407581115,0.6174886322829843,0.4061179368996535,0.8519831887089807,0.5476165699463027
0.715,0.8027547720263987,0.8258072368349525,0.10883243452511784,0.621025463065846,0.4108774963039945,0.8532621896566949,0.555569162495575
0.72,0.8046415287853608,0.8245631975249128,0.10838145575053629,0.6236375740271604,0.4153529820750311,0.8527672209976149,0.5649135115665216
0.725,0.8060372449624016,0.8257705353589304,0.10938972353015294,0.6267793017636765,0.4203593908942634,0.8539638370144552,0.5753089961481541
0.73,0.8070917055334234,0.8269785302021532,0.10951807858412879,0.6296538666991505,0.42441930183302745,0.8571573537431563,0.5864747946168692
0.735,0.8079466784621693,0.8255111714939224,0.10847983913483703,0.6305775474604618,0.43042678172362586,0.856295156467547,0.5984213658132161
0.74,0.8083881692400924,0.8263707205447419,0.10873788224936627,0.6342009834912475,0.4339533686546202,0.855903868202377,0.6105716555863556
0.745,0.80838853,0.8287047717604263,0.10972209948494224,0.636739608068471,0.44056953191727877,0.8573202148827233,0.62267029
0.75,0.8081395,0.8282753450416201,0.11113495243344972,0.6363060598745995,0.4433348266894267,0.858673799537438,0.63436097
0.755,0.80750692,0.8288296340236403,0.1116158548568819,0.6375201577693443,0.45088330318206515,0.8596763583271834,0.64553851
0.76,0.8066193482469824,0.8293256721354284,0.11139242174408993,0.6388282849236323,0.4556427336902159,0.8611272379132056,0.6561876700655007
0.765,0.8054554473790475,0.8295313107462617,0.11212448873997508,0.6400814235848761,0.4634025615861228,0.8625643970019201,0.6659116880611612
0.77,0.8042949343832809,0.8303506290934879,0.11595199377395032,0.6401858916474886,0.47017408497326635,0.8612957288859852,0.6746862831481426
0.775,0.8029926360365586,0.8305329107854614,0.11318860084336103,0.6430562904750968,0.47658261352670983,0.8627968304437303,0.6824592682906684
0.78,0.8019604650184491,0.8314720772628309,0.11444871956024835,0.6414034114183427,0.4825918826497959,0.8635736083084805,0.6893667974561272
0.785,0.8009867173880305,0.831134383699675,0.11578167286505,0.642537717141425,0.4910008308472001,0.8629737179933,0.6953546054780263
0.79,0.8000911530646467,0.8315059541529147,0.11751425547451133,0.6433040473892065,0.4962635566184585,0.8660770602010994,0.7007986106711664
0.795,0.7995841514412144,0.8314498123174192,0.11968680590573524,0.6427409949586376,0.5026891423221942,0.8647520892162269,0.7050430638790389
0.8,0.7993730301502014,0.8310491090322953,0.12102002929176026,0.6418799961849365,0.5089396890858062,0.8657166953251867,0.7083938637843379
0.805,0.7992922704184042,0.83135982319676,0.11992294601895997,0.641507199686,0.5149490360158802,0.86699015987288,0.7113579444775449
0.81,0.79910779,0.8319008770498542,0.1208061675998552,0.6419398914803229,0.5205959329856861,0.8671646050589301,0.71378875
0.815,0.79898852,0.8321921314810801,0.12048447336974002,0.64139659405328,0.52578369079794,0.86721102151828,0.71573991
0.82,0.7991236996471965,0.8324415280302584,0.12142887755787311,0.6410710044677597,0.5307780007501327,0.8681648638927191,0.7172782420260202
0.825,0.798875808703587,0.8324218096075027,0.12219909509148272,0.640031931569973,0.5351495829738635,0.8680728080139799,0.7185112821416214
0.83,0.7984567288019879,0.832886413869745,0.12245537412226051,0.6390469771113876,0.5392339916483927,0.8680658938650736,0.7192859619278194
0.835,0.7976617160257987,0.8343423001589986,0.123027464528679,0.6391571217393848,0.5434646193077061,0.8695381273137985,0.7199483515949203
0.84,0.7969419372266385,0.8343820498111891,0.12415963428086071,0.6395919679344806,0.5482915458220989,0.8688665769398642,0.7202863118488075
0.845,0.7961207664085795,0.8344678862602439,0.12529180403304244,0.6394640877760389,0.5530496727606138,0.8670022967275961,0.7207504490721465
0.85,0.7949619945440182,0.8346228557850914,0.12642397378522413,0.6384920829160146,0.55770459603523,0.8633488472103485,0.7208024897126115
0.855,0.7939357238788061,0.834896648786003,0.12635600147204631,0.6383464047563756,0.5605501704270739,0.8635793901937869,0.720747650098995
0.86,0.7932432916886338,0.8352395731633022,0.12590208008705864,0.638593091387538,0.5632549630942185,0.8644917404706932,0.7204222108875178
0.865,0.7924674214120142,0.8357402039987383,0.12510450659514696,0.6395829280203267,0.567206047097832,0.8642472354890101,0.7202019705788058
0.87,0.79215181,0.8362408348341744,0.12430693310323533,0.6405727646531154,0.5711571311014454,0.8640027305073268,0.7197544
0.875,0.79191232,0.8362498066666668,0.12251887333333332,0.6396860866666667,0.5731735066666668,0.8641320466666667,0.71937186
0.88,0.79208356,0.8361358652848534,0.1204831950891956,0.6383302858895019,0.5747062111682388,0.8643548169430743,0.71867013
0.885,0.7922437206813068,0.8371425539995291,0.11922209483407684,0.6379556495356079,0.5765010790891067,0.8642376872785107,0.7179906378320783
0.89,0.7926894403696073,0.8398302158749706,0.1191228809271298,0.6390527843459755,0.5786891986930691,0.863610699204907,0.7169142973075462
0.895,0.7930730623530823,0.8416389032442333,0.11931691600743603,0.6401159400399301,0.5807501914154813,0.8629965927623228,0.7155621038287087
0.9,0.7935376219441223,0.8399317365370664,0.12068393237445238,0.6410431809671711,0.5823026829679729,0.8624340121997423,0.7142497228656853
0.905,0.7942239637120143,0.8384066706539406,0.12171132360948361,0.6416213275635776,0.5836029942247842,0.8619017242732944,0.7124060270061496
0.91,0.7945216305900705,0.8376099898572599,0.12138024827840829,0.6408031317453817,0.5838946095163995,0.8614906038621739,0.7103541637555122
0.915,0.7944486098154092,0.83719912479404,0.12155726525586003,0.64060749576706,0.58438407068489,0.86090223121587,0.7080788096829158
0.92,0.7943449008058081,0.8383314647940401,0.12376657525586002,0.64290200576706,0.5856648856848901,0.85960487621587,0.7053929713177132
0.925,0.7941054100858009,0.8393830021478111,0.1250985102687333,0.6450316854889667,0.5872415654494556,0.8586432567320779,0.7021745467717677
0.93,0.7944623187602876,0.8401113410367,0.12292107693539998,0.6465020688223,0.5900016598939,0.8590245289542999,0.698691797494075
0.935,0.79529828,0.8399292164871793,0.12160714739711576,0.6487800391912635,0.5914677973888782,0.8587568056734428,0.69470626
0.94,0.79581279,0.8383814309219113,0.12158844117049855,0.6522693598296128,0.590993047982315,0.8575156134749332,0.69014293
0.945,0.7951180272784728,0.8368643169811076,0.1215846749999375,0.6520355876709558,0.5899971427476182,0.8515172156246609,0.6850409391279914
0.95,0.7927730028432285,0.8361860411767971,0.1214526490800023,0.6512875895409511,0.5892825207841731,0.8445774042241895,0.6794039476783769
0.955,0.7883923375205751,0.8388324470607824,0.12079264448001381,0.6522056872457069,0.5902141747050382,0.8386290253451365,0.6734847743351433
0.96,0.7820505816426179,0.8418779195549695,0.12168656010017184,0.6535997804122446,0.5918987197335989,0.836464123775059,0.666908110680866
0.965,0.7743470821463928,0.8441403698432495,0.12352516392934641,0.655168299325031,0.5938273223922746,0.8375873778303927,0.659785225161242
0.97,0.7662026176337183,0.842206595455435,0.12499865971454904,0.6561651821434071,0.5947244087394125,0.8417737937788458,0.6520624678248088
0.975,0.7586474673075075,0.8414491679306765,0.12495108455596518,0.6565224166675222,0.5928476441501972,0.849070268100427,0.643971003552458
0.98,0.752654872521074,0.8412550893254978,0.12240851656048854,0.6567005950232834,0.5949261555187351,0.8535181573199744,0.6352770662675866
0.985,0.7469566616576332,0.8415500547438605,0.1219356619039008,0.6573140434010549,0.5952119358840676,0.8556461145051958,0.6261913991501831
0.99,0.7409659718209183,0.8421017507847948,0.12339083220525196,0.6588462432404117,0.5948785520255531,0.856734854850201,0.6167553296034961
0.995,0.73493612,0.8424162992722309,0.124680013899613,0.6607813318194727,0.595835419307931,0.8580133005278685,0.6068992
1.0,0.72951424,0.84163463,0.12451013,0.66073549,0.59454304,0.85985494,0.59674144
1.005,0.72491878,0.841639005,0.1251052383333333,0.659337165,0.5947284566666666,0.857295765,0.58632779
1.01,0.72410274,0.8414866533333334,0.12557087333333333,0.6591062133333333,0.59457632,0.8584948166666666,0.57713252
1.015,0.73176861,0.8418409499999999,0.12533173,0.6610601549999999,0.593981745,0.8591803899999999,0.56350923
1.02,0.74024343,0.8425336454545453,0.12530610909090908,0.6633104127272728,0.594403529090909,0.8584202581818182,0.55087817
1.025,0.74738961,0.842075474,0.12624496899999998,0.66338838,0.594976928,0.8577241519999999,0.5381521
1.03,0.75396645,0.8408279969999999,0.12620689899999998,0.662322741,0.592739699,0.8579272579999999,0.52509415
1.035,0.7585839,0.8428746289999999,0.124875036,0.6613936420000001,0.593406884,0.8565460469999999,0.5117535
1.04,0.76195741,0.843499137951359,0.12639174979819598,0.6578219776595531,0.5939107924846496,0.8568559891859837,0.49861079
1.045,0.76369685,0.844853896811,0.12818484900660002,0.654550342871,0.5941749706185999,0.8574506267541999,0.48566514
1.05,0.76404274,0.8448993954699999,0.12574542302259994,0.6511628148025999,0.5943387574798,0.8569938574539999,0.47247428
1.055,0.763610097520248,0.8457458293386,0.12494641000639996,0.6469646542454,0.5923407680146,0.8575914164435999,0.4598784532256779
1.06,0.7621227054324567,0.8444479103433999,0.12592745939599995,0.6466176336194001,0.5905201102544,0.8577636191159999,0.44706366148785104
1.065,0.7605752605269473,0.8455141156142001,0.12429525058919996,0.6500017874972,0.5900544110227999,0.8569919959487999,0.43459065754624554
1.07,0.7599400382181781,0.8456005847655046,0.1247330812067758,0.652949198703626,0.5911574960744785,0.85863722299594,0.422280860355964
1.075,0.76033634,0.8457721629999999,0.12378583800000001,0.65378567,0.590714987,0.8583817809999998,0.41044962
1.08,0.76168633,0.846187246,0.125295814,0.6546122129999999,0.589487832,0.857910833,0.3988395
1.085,0.76407439,0.8458889059999999,0.12493391899999999,0.652386648,0.5903224509999999,0.859187082,0.38750383
1.09,0.76704419,0.844786331,0.12474022200000001,0.648712718,0.589837113,0.8587890739999999,0.37662548
1.095,0.76971573,0.844910289,0.12520863100000001,0.6479662559999999,0.587707714,0.859876578,0.36564782
1.1,0.77230555,0.8468131459999999,0.12519544899999996,0.6427378229999998,0.587586007,0.8595925389999999,0.3550767
1.105,0.77409297,0.8454078509999998,0.12378407999999999,0.635492459,0.587403811,0.8585456669999999,0.34513527
1.11,0.77397859,0.846959861,0.124121974,0.6254234549999997,0.58722579,0.857004747,0.33522436
1.115,0.77253598,0.84635653,0.12423941299999999,0.617682196,0.586514416,0.8568625889999999,0.32566187
1.12,0.76845586,0.8475424089999999,0.12494507399999998,0.6243506200000002,0.58557734,0.8575535979999999,0.31629246
1.125,0.76357567,0.847138145,0.124690993,0.6398446250000001,0.584736167,0.8560173209999999,0.30757734
1.13,0.75782305,0.8464060029999998,0.126138185,0.6504667359999999,0.5841958889999999,0.8548997089999999,0.29907402
1.135,0.75221163,0.847376253,0.12493359399999998,0.652423472,0.584385185,0.853400792,0.29078013
1.14,0.74650252,0.8475154009999999,0.12333331899999998,0.6553318289999999,0.583057177,0.8501374180000001,0.28321397
1.145,0.74069375,0.848518634,0.12387400300000001,0.659461572,0.582159499,0.846863195,0.27586499
1.15,0.73415381,0.849368477,0.12468479500000001,0.6671261889999998,0.582028291,0.843004076,0.26878899
1.155,0.72621679,0.848469276,0.12410769999999999,0.6737154919999999,0.580123253,0.840289259,0.26195025
1.16,0.71563613,0.848189957,0.12412660499999995,0.680106975,0.5791932399999999,0.8410852339999999,0.25556409
1.165,0.70243478,0.8488307585507711,0.1255959876301526,0.6839335209156184,0.5795520335154702,0.8425302296873938,0.24979666
1.17,0.68638295,0.8480821981020759,0.12619191770849164,0.689735282198112,0.5786351409449623,0.8439049529670812,0.24404928
1.175,0.66910589,0.8473756537016,0.1267139531658,0.6950724111839999,0.5778962826071999,0.8433696469923999,0.23847683
1.18,0.6536411980461958,0.8463965109661999,0.1262848158886,0.6986410716593999,0.5760725681587999,0.8444166938803999,0.23320917288971119
1.185,0.6421261354584541,0.8483832504750094,0.12651210340706814,0.7022960257591151,0.5776731257127142,0.8453578662757254,0.22832593035896404
1.19,0.6323073729817019,0.849694929,0.127748389,0.7053987939999999,0.5789740489999999,0.844736723,0.2237464761363864
1.195,0.6204782144325565,0.850186398,0.12805220199999995,0.7075761589999999,0.577284553,0.8432991069999999,0.219297411528847
1.2,0.60742927,0.848947289,0.12727994499999998,0.7078971949999999,0.577397729,0.8415986499999999,0.21530098
1.205,0.59747392,0.8486722999999999,0.12780781600000002,0.7085186649999999,0.5759513599999999,0.8404231529999999,0.2115777
1.21,0.59439957,0.84859804,0.128376833,0.708894868,0.574766423,0.838773687,0.20797208
1.215,0.59650904,0.8499425760000001,0.12934974400000002,0.7083941500000001,0.575028189,0.8364705909999999,0.20477745
1.22,0.59728092,0.850915823,0.129845742,0.710391197,0.5744950259999999,0.833735488,0.20169042
1.225,0.59449893,0.851307855,0.13045762300000002,0.710715655,0.573689464,0.832366631,0.19895962
1.23,0.59186161,0.8498712929999999,0.13133119000000001,0.711488363,0.5734625289999999,0.828224587,0.19644055
1.235,0.59609908,0.850155333,0.132591767,0.710908655,0.573723412,0.8245871319999999,0.19407038
1.24,0.60835081,0.84999617,0.13287629499999998,0.710104325,0.573747177,0.823456506,0.19205479
1.245,0.62549043,0.8510543799999999,0.133398,0.711527655,0.573190377,0.824343646,0.19021495
1.25,0.64380366,0.8510514299999998,0.13383051,0.713100781,0.572483822,0.8232945469999999,0.18865943
1.255,0.6606434,0.8511255449999999,0.13537090799999998,0.712019328,0.572197737,0.82378234,0.18715966
1.26,0.67518532,0.8514209799999999,0.135517546,0.711903722,0.573136922,0.824145296,0.18588533
1.265,0.68646407,0.8512439709999999,0.13606452899999993,0.711975402,0.572882463,0.82541407,0.18489541
1.27,0.69443387,0.8519449750512991,0.13692590242755143,0.7118869480200396,0.5725835157382853,0.824346076847663,0.18393911
1.275,0.6995613,0.8519794586308,0.13746438821579998,0.7123324673689999,0.5729289947808,0.8245160549663999,0.18325701
1.28,0.70244759,0.8531561837521999,0.1393415096922,0.7109545623316,0.5732751347702,0.8231134885843999,0.18277632
1.285,0.70335114,0.8516014398931999,0.13944850958379998,0.7107099152002,0.5728130156778,0.8217482589812,0.18251084
1.29,0.70286804,0.8511484014497999,0.140576756086,0.7113727096818,0.5723472674676,0.8208137266864,0.1824908
1.295,0.70169854,0.8513180976391999,0.14206161147879998,0.7108517561402,0.571942838539,0.8173823504847999,0.18261464
1.3,0.70016766,0.851437256224249,0.14231506199367977,0.7100858985583424,0.571304591049242,0.8153135575179007,0.18299188
1.305,0.6985917358674132,0.852889158105,0.14382321817239996,0.7094105168998,0.5718401098221999,0.8105214333766,0.18347235632236775
1.31,0.6962460823547644,0.8526512572278,0.1452415881588,0.7078288937926,0.572591824194,0.8071501673706,0.18420808591340865
1.315,0.6920640337846216,0.8525983019383999,0.14580124326979996,0.7065212779742001,0.5734753321182,0.803658274342,0.1851078809929007
1.32,0.6850717438006196,0.8529055769598,0.1476468910824,0.7053974068059999,0.5723707790876,0.7998778601765999,0.18611069007399264
1.325,0.67519337,0.8534478112469999,0.14895182080059996,0.7032842845732,0.5721186273143999,0.7957085036274,0.18736157
1.33,0.66175389,0.8527056682765999,0.15037929130179997,0.7034969748424,0.5733314354574,0.7927970864439999,0.18889533
1.335,0.645823,0.8536991149198,0.1494692622922,0.7041843355217998,0.5736255298676,0.7894914355834,0.19051208
1.34,0.62857878,0.8530898682396,0.14991679048460002,0.7053495224672,0.5748105806527999,0.7868636211237998,0.19217846
1.345,0.61014968,0.8521065648838,0.15211788227259992,0.7040899429356,0.5734524632635999,0.7817574479632,0.19392101
1.35,0.59071445,0.8524162079165999,0.15445295770819997,0.7056814535770001,0.5747479560852,0.7784073280771999,0.1959457
1.355,0.57011878,0.8521693137313999,0.15433830103419996,0.7103607186079999,0.5756579764691999,0.77485514301,0.19794971
1.36,0.5494141,0.8532760904141999,0.15601337125700002,0.7132627397162,0.5758093890027999,0.7673008157001998,0.20009887
1.365,0.52909708,0.852737900156,0.15746877009739998,0.7153589614136,0.5748854033911999,0.7538642722614002,0.20257103
1.37,0.50902855,0.8528037508133838,0.15817754587988248,0.7162333656950862,0.575419822801344,0.7394230173540525,0.20502067
1.375,0.48977894,0.854959723,0.16057545799999998,0.718788299,0.574903256,0.7193383269999999,0.20757742
1.38,0.47180691,0.8546420179999998,0.16054919199999995,0.721707876,0.5746977029999999,0.692543406000001,0.2101586
1.385,0.45635265,0.8560390809999999,0.16118455799999998,0.722680856,0.576080134,0.6500852909999997,0.2128273
1.39,0.44470096,0.8552578609999999,0.16155263199999992,0.7229287299999999,0.5743016699999999,0.5980053990000012,0.21554515
1.395,0.43500635,0.8542379359999999,0.163228217,0.722534846,0.574975765,0.5539141229999998,0.21817027
1.4,0.4253774,0.8529908559999999,0.1647418639999999,0.7239320359999999,0.5744500539999999,0.5190415410000006,0.22107549
1.405,0.41340992,0.8527178079999999,0.16685424199999999,0.7245465459999999,0.573957584,0.500574622,0.22392522
1.41,0.39747033,0.8542116869999998,0.16757047699999994,0.7243227509999999,0.57396723,0.4976052579999997,0.22655791
1.415,0.37699649,0.8559352409704195,0.169765547598152,0.7250778172919459,0.5721844036778736,0.5143196433466672,0.22925754
1.42,0.35169888,0.8551571603547999,0.17242410025539998,0.7243579522957999,0.5733796926384,0.5507307445873993,0.23198365
1.425,0.32212353,0.8563210337625999,0.17319718094140002,0.72384163655,0.5735468189840001,0.5890194208940004,0.23478782
1.43,0.2902789239316078,0.8563520199606001,0.1742575838322,0.724987582785,0.5750310836525999,0.6152520420967996,0.23745909576442348
1.435,0.2580464344505546,0.8548062973664,0.17508497321400002,0.7238221584714,0.5761593627029999,0.6350248503046002,0.23972274216878317
1.44,0.2262996865593444,0.8574481572754,0.17756524118599995,0.7238641146964,0.574373332954,0.6485569314325998,0.24196563609539043
1.445,0.1954236678442146,0.8564834757131999,0.1791849248802,0.7242089646987999,0.5749749452128001,0.6577871213450001,0.24417807512648743
1.45,0.1680097,0.8558435436693999,0.18009419289599995,0.724008860364,0.5766820643112,0.6614094006856,0.24626058
1.455,0.14766009,0.856977909398,0.1811931455086,0.7225556899414,0.5768541597542,0.6628210931772,0.24809121
1.46,0.13830255,0.857419605849,0.18234906520199995,0.7197985243266,0.5750209926876,0.6653385570852,0.2497786
1.465,0.14241177,0.8578094330125999,0.18554456223319998,0.7152013234305998,0.5768300500022,0.6670925687361999,0.25134736
1.47,0.15760584,0.8564189782220355,0.18615012101217976,0.7090823195380094,0.5774666172686547,0.6697315521125576,0.25262645
1.475,0.17690237,0.856437555,0.18698067200000001,0.7069225309999999,0.578067231,0.6750850460000001,0.25360957
1.48,0.19439685,0.855498096,0.18906871399999997,0.705736623,0.577404073,0.6780891899999999,0.25455487
1.485,0.20790383,0.857619781,0.191132829,0.7051614119999998,0.577862098,0.6789927870000001,0.25530526
1.49,0.21786685,0.861446614,0.192275322,0.6999606649999999,0.578442041,0.6811843,0.25594607
1.495,0.2254988,0.861501225,0.19371554400000002,0.6889095579999996,0.57816558,0.680595526,0.25628093
1.5,0.23161213,0.8597412689999999,0.195760665,0.6725502359999999,0.57820659,0.6790070349999999,0.25632864
1.505,0.23628536,0.856044101,0.196709691,0.6644990359999994,0.578308258,0.677257617,0.25636292
1.51,0.23763205,0.857393931,0.19666389899999998,0.6877059950000001,0.578342024,0.6749873049999999,0.25633824
1.515,0.23583494,0.8579021279999999,0.19751774499999997,0.7110145569999996,0.578095308,0.6715521180000001,0.25629002
1.52,0.23297054,0.858261835,0.19912313800000003,0.719807914,0.579300444,0.6667771269999999,0.25601658
1.525,0.23181318,0.859675137,0.20219876199999995,0.721471844,0.5811114529999999,0.663662844,0.25548503
1.53,0.2346659,0.8593822484950635,0.20435993458244697,0.7223167598194513,0.5808034412125674,0.6609386383292422,0.25509694
1.535,0.24238636,0.8570264315151415,0.2065905059922335,0.723297766172397,0.5805027612288127,0.6562799227456209,0.25458211
1.54,0.25405893,0.85701734,0.20505004,0.72766811,0.58277649,0.65354466,0.25389987
1.545,0.26853544,0.85895429,0.20847592333333323,0.7311302933333332,0.5813419983333334,0.6522335600000001,0.25315857
1.55,0.28464359,0.8598021943419056,0.2103385129568826,0.7353595689473158,0.582429689576493,0.6504421345132418,0.25245115
1.555,0.3025311461863808,0.8596777840892651,0.21142625831752804,0.7370642089385178,0.5840524005903235,0.651227555832236,0.251741000069993
1.56,0.32109921252974716,0.8595808176279605,0.21272105992916548,0.7380215670174504,0.5841702097064951,0.6546402077119617,0.250761401869813
1.565,0.3396542928617136,0.8603258225079614,0.2144538181086445,0.7406048742562422,0.5826392003519946,0.6591741322578113,0.24982428550944905
1.57,0.3582718341725833,0.8614740202279965,0.2151602380098768,0.7433109249323857,0.5831600000319995,0.6632166392961647,0.24896593631936806
1.575,0.37691015,0.8606357335714285,0.21670715000000002,0.7438786071428571,0.5830602628571429,0.6695478785714286,0.24800324
1.58,0.39517981,0.8608998657142858,0.21848132142857152,0.7447029607142858,0.5838985164285715,0.6749546785714288,0.24699293
1.585,0.4125815,0.8621020100000001,0.22041229357142855,0.7461260742857142,0.5854841392857143,0.6790915492857142,0.2460141
1.59,0.42949244,0.85983801,0.22254962928571437,0.7484896171428572,0.5847336321428571,0.6824077421428573,0.24498013
1.595,0.44628707,0.85996899,0.2235114,0.74873692,0.58443868,0.6860172149999999,0.24409968
1.6,0.4627896,0.86058084,0.22438557071428572,0.7487224257142858,0.5847529742857143,0.6892615107142857,0.24335039
1.605,0.4785009,0.85991974,0.22623090642857144,0.7502133114285715,0.5860332885714286,0.6913604464285714,0.24253958
1.61,0.49377984,0.8601897478571429,0.22840454928571433,0.7495564692857143,0.5863232428571429,0.69125039,0.24167804
1.615,0.50868058,0.8603634298135687,0.2299116586006943,0.7492201923066044,0.5862565441906313,0.6915765829134701,0.24088573
1.62,0.52289099,0.860384966931901,0.23073413477436036,0.7495897070727561,0.5859855184614505,0.6925967088477306,0.24027108
1.625,0.53609669,0.8608351462150541,0.2317219849479293,0.7512782400937129,0.5860949811834116,0.6937269712725531,0.23971973
1.63,0.54842949,0.862023505,0.23392631499999994,0.75073287,0.586853835,0.693496675,0.2390248
1.635,0.56012857,0.8627197898997129,0.23614670374876787,0.7496090804020057,0.5879334071936743,0.6934625612180174,0.23852438
1.64,0.57123744,0.8615297228987556,0.23718808291132729,0.7493695484086915,0.5891119311725882,0.6952467652780754,0.23786236
1.645,0.58101279,0.860337601153,0.23826501233185718,0.7504386228602857,0.587525752134,0.6963985859171429,0.2371424
1.65,0.59000134,0.8607881061502857,0.24031168667642855,0.7491945959540001,0.5875228706048572,0.69744237012,0.23669979
1.655,0.5981105,0.8625466367284752,0.2430653057532035,0.7457545635115213,0.5892138235783775,0.6985916081360266,0.23654044
1.66,0.60501951,0.8612935546296482,0.24349047825073927,0.744674414656505,0.5891372746719332,0.7010297018775447,0.23646778
1.665,0.61040682,0.8612405096125659,0.24568712955856514,0.7453626244607781,0.5901838402790041,0.7015330167412391,0.23647085
1.67,0.61412668,0.8612203662803658,0.24776633640662915,0.7473036931512492,0.5911835992105543,0.7009867632749793,0.23651299
1.675,0.61577946,0.8600770634351084,0.24780022216967548,0.7503996305929176,0.5909511454093225,0.6999263448861365,0.2365813
1.68,0.6152372018568144,0.860603380562257,0.24917070795322444,0.750916541279266,0.5904514256654458,0.7012291360633258,0.236495780419958
1.685,0.6120131774842515,0.8614531725,0.25086791125,0.7514794550000001,0.58988555875,0.7029292537500001,0.23663799774522548
1.69,0.6057094615118488,0.861927035,0.2525352175,0.75480573,0.5893224025,0.7038551725000001,0.23709509131486853
1.695,0.5957750049555041,0.8632839212500001,0.2545913800000001,0.7566073712500001,0.5909177575000001,0.7041911862500001,0.23746883289171083
1.7,0.58205092,0.86522949,0.25690678,0.75739259,0.59395212,0.70413393,0.23769867
1.705,0.56484449,0.8656697407468658,0.2593411495703804,0.7553447093485082,0.5933300777755278,0.7049406324162198,0.23810136
1.71,0.54383296,0.865860066191875,0.26114187799625,0.7543939660979999,0.5933752890765,0.704854131028375,0.23879305
1.715,0.51942444,0.865675472441875,0.26199206549625004,0.755089066098,0.5944214640764999,0.703427712278375,0.23955901
1.72,0.49212331,0.8636564547768097,0.26395847754496926,0.7547825605693821,0.5933484610286378,0.7023806645219315,0.24021561
1.725,0.4623237,0.8617840575000001,0.2663506212500001,0.7548823625000001,0.59238559875,0.7019345987500001,0.24075222
1.73,0.43017653,0.862332795,0.2693293275,0.757609125,0.5939827424999999,0.7035130425,0.24151747
1.735,0.39747298,0.8637097275000001,0.2706667225,0.75874366375,0.5973175537500001,0.7010048487499998,0.2423894
1.74,0.36591989,0.86563879,0.27090991,0.75881672,0.60181081,0.69577223,0.2431747
1.745,0.33747229,0.86420015875,0.271692385,0.76187823875,0.60060411625,0.7012550737500001,0.24408928
1.75,0.31409079,0.8639457375,0.27330049749999996,0.7632057225000001,0.599774675,0.7025176875,0.24505529
1.755,0.29801199,0.8654676312499999,0.2761470662499999,0.76193215375,0.5995111125,0.6974499562500001,0.24614663
1.76,0.28894696,0.8657970153125665,0.27769963229065364,0.7627292981482269,0.599536330974137,0.6939695491642396,0.2471811
1.765,0.28613883,0.865440923920652,0.27919177941513956,0.7633287260730982,0.6000724456104847,0.6907360875060624,0.24824809
1.77,0.28752223,0.8635356340528986,0.28173612205657356,0.7610669326179345,0.6023631445930102,0.6869031583292918,0.24951102
1.775,0.29142281,0.8627450934462499,0.28343093493175,0.7632251541471248,0.6031978652202501,0.685514921416125,0.25089714
1.78,0.29648367,0.86269778094625,0.28455934743175,0.7683302978971249,0.60306185272025,0.685756615166125,0.25208384
1.785,0.30164483,0.86564368358075,0.28625519858274995,0.768266507527875,0.6053637039619999,0.6857667572972501,0.2533696
1.79,0.3065736,0.866961639985125,0.287779647153875,0.767869547932,0.606331133188875,0.6834765948180002,0.25469044
1.795,0.31144699,0.865837383735125,0.28904695340387493,0.7669729479320001,0.605296689438875,0.6777356948180002,0.25597155
1.8,0.31751308,0.8646890103431186,0.29034589042923176,0.7662617803662304,0.6053524103815641,0.6755228385127447,0.25749812
1.805,0.32450482210778897,0.8635346308196,0.29165274159489996,0.7655970089787,0.6056806964904999,0.6741921006012,0.25890668675432454
1.81,0.33270030715128496,0.8635756108196,0.2932324865949,0.7665459439786999,0.6055052214904999,0.6727221606011999,0.26009007462053796
1.815,0.34206943524347555,0.8636165825249,0.2948122490954999,0.7674948385137,0.6053297599665001,0.6712521976922001,0.26134995714028597
1.82,0.3523911677092295,0.8632428275249,0.29726702409550004,0.7664205235137,0.6058280849665001,0.6686368076922,0.262616403680632
1.825,0.36331522,0.8628691032631,0.29972178551000006,0.7653462451747001,0.6063264181341,0.6660214550762,0.26380849
1.83,0.37481862,0.8640322582630999,0.30149728551000005,0.7661049801747001,0.6072331231341,0.6652752650761999,0.26501736
1.835,0.3846589,0.8651953582956999,0.3032727672583,0.7668636944324,0.6081397918182,0.6645290295889,0.26598418
1.84,0.39724299,0.8636101432957,0.3041356822583,0.7665853144324,0.6072307018181999,0.6615084745888999,0.267445
1.845,0.40802294,0.8620250100411,0.3049986195748,0.766306985653,0.6063216775031,0.6584879006232999,0.268693
1.85,0.4156329,0.8645270650411,0.3069773595748001,0.7685896356530001,0.6086968325031001,0.6545190656232999,0.27008143
1.855,0.4191182,0.8670290660154,0.3089561235153,0.7708722146161,0.6110719414443,0.6505500767156999,0.27145568
1.86,0.41798759,0.8668298360154,0.3121318885153001,0.7696030196160999,0.6111441564443,0.6388858617156996,0.27254397
1.865,0.41177225,0.8666305930480696,0.31530760464555363,0.7683338307258927,0.6112163710739893,0.6272213886052137,0.27332717
1.87,0.39899158,0.8657829965240347,0.3160398823227768,0.7673701253629464,0.6112700705369947,0.6026516493026063,0.27421418
1.875,0.37976116,0.8649354,0.31677216,0.76640642,0.61132377,0.57808191,0.27539542
1.88,0.35415792,0.86443436,0.317185745,0.76600501,0.6108202,0.5443002600000008,0.27670759
1.885,0.32220098,0.86393332,0.31759933,0.7656036,0.61031663,0.51051861,0.27755961
1.89,0.28448045,0.8631511900000001,0.31962084999999996,0.764742225,0.6080508200000001,0.47194421500000083,0.27832457
1.895,0.24456947,0.86236906,0.32164237,0.76388085,0.60578501,0.43336982,0.27911377
1.9,0.20672785,0.8611374199999999,0.323341595,0.7625168250000001,0.60388854,0.40087257500000073,0.27969086
1.905,0.17592192,0.85990578,0.32504082,0.7611528,0.60199207,0.36837533,0.28028867
1.91,0.15345964,0.8616798499999999,0.32739721499999996,0.76064825,0.60099408,0.3710705199999999,0.2808924
1.915,0.1369945,0.86345392,0.32975361,0.7601437,0.59999609,0.37376571,0.28128588
1.92,0.1233988,0.8621535850000001,0.33094932499999996,0.75882876,0.59981969,0.3872355849999997,0.28174573
1.925,0.11111889,0.86085325,0.33214504,0.75751382,0.59964329,0.40070546,0.28230387
1.93,0.09958415887631272,0.8623812052795528,0.3348061566111661,0.7579302841646416,0.600403582602926,0.4094138420838207,0.2828775952744726
1.935,0.08872706045695417,0.8639091127301001,0.33746725306090003,0.7583467650708999,0.6011638899526001,0.4181221216931001,0.28324541756924304
1.94,0.07834285208959116,0.8630456177301,0.3391202980609,0.7596003100709,0.6026615199526,0.42170677669309997,0.283590463929607
1.945,0.0681791653026694,0.8621821546866001,0.3407733240536,0.7608538391511,0.6041591258424001,0.4252913673382,0.28387477696630337
1.95,0.058865022,0.8629164846866,0.3414760040536,0.7613113941510999,0.6044512458424001,0.4256582773382,0.2841157
1.955,0.050662629,0.8636508080514,0.3421787435364001,0.7617689320599998,0.604743396102,0.4260251372611,0.28435236
1.96,0.043784857,0.8640533780514001,0.34585556353639996,0.76137193206,0.6065484961019999,0.4238881922611,0.2843098
1.965,0.038498003,0.8644559690426096,0.3495323304548955,0.7609749813419866,0.6083535779765202,0.42175117426595726,0.28414598
1.97,0.03385992,0.8659080995213048,0.3505550752274477,0.7630420806709932,0.6092524039882601,0.41596447213297877,0.28393453
1.975,0.030249719,0.86736023,0.35157782,0.76510918,0.61015123,0.41017777,0.2837323
1.98,0.028236205,0.8687385299999999,0.35332829,0.765141785,0.611763835,0.40662958000000005,0.28361103
1.985,0.029071199,0.87011683,0.35507876,0.76517439,0.61337644,0.40308139,0.28356096
1.99,0.033784226,0.86792958,0.35543661,0.76480472,0.614854545,0.3945881900000002,0.28369108
1.995,0.042364772,0.86574233,0.35579446,0.76443505,0.61633265,0.38609499,0.28341094
2.0,0.054342624,0.8667889445338546,0.3589927980166197,0.7627865214852851,0.6177734605918941,0.3833231327185729,0.283075
2.005,0.06834325969056111,0.8678355590677094,0.3621911360332395,0.7611379929705704,0.6192142711837881,0.38055127543714584,0.2828441042871426
2.01,0.083873712,0.8668922988660002,0.36407460733109986,0.7631947888625998,0.6203137730101,0.3781048089292002,0.28260404
2.015,0.10018304261617732,0.865948998866,0.36595805233110007,0.7652516588626,0.6214132680101001,0.3756583489291999,0.2823035480004
2.02,0.1169557,0.866816862642,0.37006512785759993,0.7652114358052999,0.6224869585262001,0.38015028515849997,0.28187254
2.025,0.13375629475204862,0.867684762642,0.3741722478575998,0.7651711708053001,0.6235606485262,0.3846423601584998,0.28143597898620276
2.03,0.14982554,0.8678101874918001,0.3734947135526,0.763859296238,0.6249512471879,0.3849044997589,0.28085178
2.035,0.1656608949550095,0.8679355974918,0.37281708355259996,0.7625473962379999,0.6263418521879001,0.3851665547589,0.28027397752649463
2.04,0.18089515,0.8688064925818,0.37416918795709997,0.7602840502673001,0.6253271002960001,0.3830455374213,0.28011698
2.045,0.19569120726554606,0.8696774025817999,0.3755213329571,0.7580206852673002,0.6243123002960002,0.38092447242130006,0.2798182493881224
2.05,0.20946468,0.8697519285098,0.37855676929059984,0.7529626311622003,0.6276422084000999,0.37496997409150035,0.27916569
2.055,0.22132636557288582,0.8698264385098,0.3815922392906001,0.7479045211621999,0.6309722034001001,0.36901539909149983,0.2784240641861627
2.06,0.23082352262847408,0.8702327868729001,0.3832004778358,0.7455595318987,0.6286485964744,0.36144421142439975,0.2779651537242552
2.065,0.23749202990201976,0.8706391418729,0.3848086878358,0.7432145968987,0.6263248764743999,0.35387299142439976,0.2776799564867027
2.07,0.24148096929914006,0.8721532698584985,0.38509967709037085,0.7424160929847299,0.6291050621971219,0.3485590781386816,0.27724213545990806
2.075,0.24329391,0.87366742,0.38539064,0.74161762,0.63188535,0.34324521,0.27657914
2.08,0.24368616516696662,0.873563825,0.38790849,0.74386072,0.632926195,0.332750665,0.2760969891061787
2.085,0.24298899,0.87346023,0.39042634,0.74610382,0.63396704,0.32225612,0.27544451
2.09,0.24162571087982407,0.872659265,0.39167284999999996,0.7521092299999996,0.63433191,0.31614584000000023,0.2746526723065387
2.095,0.24005297,0.8718583,0.39291936,0.75811464,0.63469678,0.31003556,0.27378184
2.1,0.23782382731553678,0.8717916,0.39611043,0.7601544899999999,0.636853935,0.30716683,0.27305479590881815
2.105,0.23574579,0.8717249,0.3993015,0.76219434,0.63901109,0.3042981,0.27239463
2.11,0.23371009033193366,0.8763956099999999,0.398660155,0.7658750749999998,0.636934195,0.30697398999999986,0.271753175119976
2.115,0.23197718,0.88106632,0.39801881,0.76955581,0.6348573,0.30964988,0.27118623
2.12,0.2305875166916616,0.8795439899999999,0.401655335,0.769767585,0.6395830549999999,0.309852,0.2706086150429914
2.125,0.2295679,0.87802166,0.40529186,0.76997936,0.64430881,0.31005412,0.26979792
2.13,0.22834287557788452,0.8778865650000001,0.40792302999999996,0.771272305,0.644645605,0.31285710499999997,0.2689410859718057
2.135,0.22678395,0.87775147,0.4105542,0.77256525,0.6449824,0.31566009,0.26809862
2.14,0.2247939544831033,0.8792161650000001,0.410129325,0.77106023,0.646027685,0.3148405099999999,0.2672539935802839
2.145,0.22252473,0.88068086,0.40970445,0.76955521,0.64707297,0.31402093,0.26637417
2.15,0.21954319943411338,0.87897894,0.412782225,0.768970725,0.646854045,0.30925209499999995,0.26549343389122176
2.155,0.21589603,0.87727702,0.41586,0.76838624,0.64663512,0.30448326,0.26461795
2.16,0.21146133794841016,0.87651107,0.41555744499999997,0.7660056049999999,0.644447775,0.2939737999999995,0.26357118985402916
2.165,0.2066481,0.87574512,0.41525489,0.76362497,0.64226043,0.28346434,0.26274553
2.17,0.2013784651529697,0.873956355,0.416827215,0.765507135,0.642247555,0.27473934,0.2618976960337933
2.175,0.19571921,0.87216759,0.41839954,0.7673893,0.64223468,0.26601434,0.26113155
2.18,0.19014926154469092,0.871258340907509,0.4210458214628147,0.7647345384523845,0.64053515800478,0.26548413469794696,0.26040549267846436
2.185,0.1844978492051592,0.8703490807961001,0.4236920399262,0.7620797766813001,0.6388355955091001,0.2649540519431998,0.25967287035192965
2.19,0.17879026767546471,0.8688888857961001,0.4231883499262,0.7594138416813001,0.6351110505091001,0.2705512119431998,0.2593495275804839
2.195,0.17321807817036608,0.8674287594177176,0.42268474592452215,0.75674792633511,0.6313866139783806,0.2761484735653927,0.2589308852059588
2.2,0.16789749,0.8693996452911413,0.42648097203773894,0.7550646818324449,0.6330855330108096,0.2868267432173036,0.25859308
2.205,0.16274558955808816,0.8713705311645651,0.4302771981509554,0.7533814373297802,0.6347844520432386,0.2975050128692137,0.2581548297530494
2.21,0.15776448,0.8707174911258,0.4305210752506,0.7583833399131998,0.6365564341205999,0.3149398775945996,0.25753972
2.215,0.15282150300739866,0.8700643461258001,0.4307648102506,0.7633855099131999,0.6383284191206,0.3323750125945996,0.25664560101079786
2.22,0.14837876,0.871201720876609,0.4319097756499566,0.7661674665439656,0.6363401396528965,0.34748316675816837,0.25592482
2.225,0.14391812130173942,0.8723391672510726,0.43305477709997103,0.7689493343626437,0.6343517097685977,0.3625912278387789,0.2556325806318736
2.23,0.14014702,0.8704302381798001,0.433447142153,0.7674270554472999,0.6395861053092,0.3714528527699999,0.25526807
2.235,0.13676683681663676,0.8685212481798001,0.43383949215299994,0.7659046904473001,0.6448206453091998,0.3803143527699995,0.2548633131653669
2.24,0.13372172,0.8695188850461,0.4355717403545001,0.7657567579580999,0.6427917605806,0.3829704018815001,0.25465626
2.245,0.13126955410517882,0.8705165800461,0.4373040153545001,0.7656088529581,0.6407627305805998,0.3856263268815001,0.2544799053789242
2.25,0.12935147,0.8694982153681,0.43778171044659997,0.7662188028007,0.6373587630799,0.38700864235419996,0.25412551
2.255,0.1281178819506099,0.8684798103681,0.4382593804466,0.7668287678007,0.6339547680799001,0.38839093235419997,0.2538577977264547
2.26,0.12732241,0.8695055044853,0.44038520748279986,0.7685631803112999,0.6354589749138999,0.3904775282677999,0.25354776
2.265,0.12709965048590283,0.8705312394853,0.44251106748280006,0.7702976153112999,0.6369632799139,0.39256413826780007,0.2533569036412718
2.27,0.12735248,0.8684248721286001,0.4423934073541,0.7685677195992999,0.6348124280185,0.3931259137651,0.25327045
2.275,0.1280224458108378,0.8663184421286002,0.4422757023541,0.7668377545993,0.6326615030185001,0.3936876587651,0.25335478907918413
2.28,0.1295125,0.8710951144637997,0.4454530114524998,0.7676147094599,0.6290691918468002,0.39868027514589977,0.25357154
2.285,0.13121462939912024,0.8758719244638001,0.4486303864525001,0.7683917144599001,0.6254768518467998,0.40367298014590014,0.25403421435712853
2.29,0.13292401,0.8732306628282,0.44462443012200004,0.7693537307596,0.6128028184843001,0.39719504956320006,0.25435683
2.295,0.13546564122675447,0.8705892528282001,0.44061833012200025,0.7703157507595999,0.6001286034843007,0.3907168895632004,0.2543782264037192
2.3,0.137724,0.8705667254495,0.44077753681419996,0.7682593011302001,0.6028531505028999,0.3903170879936,0.2543664
2.305,0.14050527275045,0.8705442504495,0.44093682681420004,0.7662027911302,0.6055780055029001,0.38991740799360003,0.25421369319736054
2.31,0.14333829223155362,0.8731763123577001,0.43348420905539975,0.7673827164002001,0.6154347728618004,0.3834841186681998,0.25405779576884624
2.315,0.14588747432213564,0.8758084273577001,0.42603143905539975,0.7685627064002001,0.6252916828618004,0.37705070866819984,0.25423705877224556
2.32,0.1484291092431513,0.8759253038317383,0.4212820124937251,0.7684617010103101,0.6322837950794505,0.37893390116641157,0.2544316676994601
2.325,0.15018398,0.87604213,0.41653264,0.76836067,0.63927585,0.38081726,0.25486788
2.33,0.1510135536672666,0.875914275,0.41517553,0.7675333,0.64235905,0.37724473999999997,0.2550825140971805
2.335,0.15156911,0.87578642,0.41381842,0.76670593,0.64544225,0.37367222,0.25515592
2.34,0.15095529010697867,0.8759467599999999,0.4163238099999999,0.7658399950000001,0.6441691250000001,0.36637193000000035,0.25544241229454107
2.345,0.14930975,0.8761071,0.4188292,0.76497406,0.642896,0.35907164,0.25584897
2.35,0.14626442619176147,0.876128885,0.42333196,0.7631779599999999,0.645022515,0.359841165,0.25606647566486707
2.355,0.14274661,0.87615067,0.42783472,0.76138186,0.64714903,0.36061069,0.25647271
2.36,0.13737088876424733,0.876418355,0.42854577499999996,0.7647664249999999,0.6487724799999999,0.36072472999999994,0.2569857938292341
2.365,0.13106637,0.87668604,0.42925683,0.76815099,0.65039593,0.36083877,0.25751346
2.37,0.12458769052989366,0.87813032,0.42934892999999996,0.766544315,0.6502014700000001,0.35804802,0.2579789278984203
2.375,0.11753663,0.8795746,0.42944103,0.76493764,0.65000701,0.35525727,0.25872976
2.38,0.10956369941911671,0.8771256368276075,0.428392561377558,0.7656508146652241,0.6456750388002619,0.3512889611971927,0.25910458979804035
2.385,0.10142334,0.8746766736552151,0.427344092755116,0.7663639893304484,0.6413430676005237,0.3473206523943854,0.25992757
2.39,0.09353927292961384,0.8749593125610349,0.4273489908703447,0.7656709096177197,0.6396226337060185,0.34317665696075755,0.26073487090881825
2.395,0.086044662,0.8759247666259768,0.4276171977531036,0.7646263102548534,0.638555002529321,0.3389887453594949,0.26159656
2.4,0.07812009513947248,0.8768902206909187,0.4278854046358624,0.7635817108919872,0.6374873713526237,0.3348008337582322,0.2629144008558288
2.405,0.070771262,0.8768560682713793,0.4312993412422289,0.7635483460372002,0.6385953839947445,0.3297712337611324,0.26368621
2.41,0.0638846669500098,0.8768218958593104,0.4347133407644487,0.7635150014075078,0.6397034401506119,0.3247416169299274,0.26447210951509703
2.415,0.057436086,0.8767877234472413,0.43812734028666817,0.7634816567778153,0.6408114963064795,0.3197120000987229,0.26541209
2.42,0.05187999383213385,0.8764083579948273,0.4412479251264312,0.7630142920334453,0.6408240793284122,0.3143633660493818,0.26597455812637466
2.425,0.047102802,0.8755112029818956,0.4439283879425093,0.7618958971170586,0.6391934526494427,0.30853620617283584,0.26719823
2.43,0.04260902674045178,0.8746140479689637,0.4466088507585876,0.7607775022006718,0.6375628259704729,0.3027090462962893,0.2685091589132174
2.435,0.03978817419326144,0.8737168929560319,0.44928931357466567,0.7596591072842851,0.6359321992915032,0.29688188641974333,0.26957289484203156
2.44,0.03723949520945807,0.8728197379431002,0.45196977639074376,0.7585407123678983,0.6343015726125336,0.2910547265431973,0.27007411447910423
2.445,0.03555054329424116,0.8731054950536153,0.4533551926768077,0.7580929528010769,0.6318059552973077,0.28735435323738456,0.2711054987922415
2.45,0.035072573,0.8733912758228461,0.4547405830614231,0.7576452066472308,0.6293103206819229,0.2836540224681536,0.27206966
2.455,0.03422476947050587,0.8736770565920768,0.45612597344603845,0.7571974604933847,0.6268146860665385,0.2799536916989229,0.27369738417016604
2.46,0.034936581,0.8739628373613078,0.4575113638306538,0.7567497143395385,0.6243190514511539,0.27625336092969227,0.27500752
2.465,0.034406984283943114,0.8742486181305386,0.45889675421526915,0.7563019681856923,0.6218234168357692,0.2725530301604616,0.2758271976694661
2.47,0.03598126,0.8741038130493002,0.4607597843509001,0.7555697380672,0.6210776181657,0.26991376947919987,0.2765514
2.475,0.03708385251389732,0.8738513480493,0.46274223935090003,0.7547663780671998,0.6207693331656999,0.2675398094791999,0.2781185138792242
2.48,0.038251501,0.8735988830493001,0.4647246943509,0.7539630180672,0.6204610481657,0.26516584947919997,0.27903888
2.485,0.03790318171995585,0.8733464180493,0.46670714935089996,0.7531596580672,0.6201527631657,0.26279188947919996,0.28165997476404714
2.49,0.039780572,0.8730939530493,0.4686896043509001,0.7523562980672,0.6198444781657,0.26041792947919984,0.28257272
2.495,0.042854723905518824,0.8728414880493001,0.4706720593509001,0.7515529380671999,0.6195361931656999,0.25804396947919983,0.2854879786082786
2.5,0.043987215,0.872240030330752,0.4720373480853318,0.7502006860923818,0.6202514166830105,0.2555676062795079,0.28559923
